"Flybe","889988","01818234422"
"Airbangla","332233","01715051132"
"USBangla","123423","01919343434"
"Emirats","221133","01919134234"
"Novoair","435646","01756565656"
"DutchAirlines","523465","01818564311"
"British Airways","324653","01716123232"
"RyanAir","121223","01818212111"
"American Airlines","121232","01786521231"
"Bangladesh Airlines","124355","09191287112"
"Colombian Airways","123423","01821731236"
"USBangla","123412","01749996669"
"Emirats","909090","01769970001"
"Novoair","101010","01818767676"
"DutchAirlines","245325","01345324535"
"RyanAir","345354","01934535324"
"Bangladesh Airlines","345345","03453453455"
"Colombian Airways","234233","02342343241"
"Airbangla","666666","01666666666"
"USBangla","111111","01333444234"
"Air Tiger","698697","01999283833"
"Turki Airways","333322","01019999922"
"","",""
"","",""
"","",""
"","",""
"","",""
"","",""
"","",""
"","",""
"","",""
"","",""
"","",""
"","",""
"","",""
"","",""
"","",""
"","",""
"","",""
"","",""
"","",""
"","",""
"","",""
"","",""
"","",""
"","",""
"","",""
"","",""
"","",""
"","",""
"","",""
"","",""
"","",""
"","",""
"","",""
"","",""
"","",""
"","",""
"","",""
"","",""
"","",""
"","",""
"","",""
"","",""
"","",""
"","",""
"","",""
"","",""
"","",""
"","",""
"","",""
"","",""
"","",""
"","",""
"","",""
"","",""
"","",""
"","",""
"","",""
"","",""
"","",""
"","",""
"","",""
"","",""
"","",""
"","",""
"","",""
"","",""
"","",""
"","",""
"","",""
"","",""
"","",""
"","",""
"","",""
"","",""
"","",""
"","",""
"","",""
"","",""
"","",""
"","",""
"","",""
"","",""
"","",""
"","",""
"","",""
"","",""
"","",""
"","",""
"","",""
"","",""
"","",""
"","",""
"","",""
"","",""
"","",""
"","",""
"","",""
"","",""
"","",""
"","",""
"","",""
"","",""
"","",""
"","",""
"","",""
"","",""
"","",""
"","",""
"","",""
"","",""
"","",""
"","",""
"","",""
